crop,scheme,top1_label,top1_score,clarkii_rank,clarkii_score,clarkii_is_top1,full_dist
easy_00,A,Sea anemone,0.9204,4,0.0046,False,"[[""Sea anemone"", 0.9204], [""Amphiprion ocellaris"", 0.0386], [""Amphiprion percula"", 0.0332], [""Amphiprion clarkii"", 0.0046], [""Pomacentrus moluccensis"", 0.0021], [""Coral reef"", 0.0006], [""Chromis chrysura"", 0.0003], [""Dascyllus reticulatus"", 0.0]]"
easy_01,A,Amphiprion percula,0.4329,4,0.0695,False,"[[""Amphiprion percula"", 0.4329], [""Amphiprion ocellaris"", 0.2995], [""Sea anemone"", 0.108], [""Amphiprion clarkii"", 0.0695], [""Chromis chrysura"", 0.0412], [""Pomacentrus moluccensis"", 0.0363], [""Dascyllus reticulatus"", 0.0123], [""Coral reef"", 0.0003]]"
easy_02,A,Amphiprion ocellaris,0.5395,4,0.0197,False,"[[""Amphiprion ocellaris"", 0.5395], [""Sea anemone"", 0.2366], [""Amphiprion percula"", 0.1798], [""Amphiprion clarkii"", 0.0197], [""Coral reef"", 0.0122], [""Pomacentrus moluccensis"", 0.0101], [""Chromis chrysura"", 0.0016], [""Dascyllus reticulatus"", 0.0005]]"
easy_03,A,Sea anemone,0.571,4,0.0409,False,"[[""Sea anemone"", 0.571], [""Amphiprion percula"", 0.1975], [""Amphiprion ocellaris"", 0.1683], [""Amphiprion clarkii"", 0.0409], [""Chromis chrysura"", 0.0102], [""Pomacentrus moluccensis"", 0.007], [""Dascyllus reticulatus"", 0.0039], [""Coral reef"", 0.0012]]"
easy_04,A,Amphiprion percula,0.6585,4,0.003,False,"[[""Amphiprion percula"", 0.6585], [""Amphiprion ocellaris"", 0.2464], [""Pomacentrus moluccensis"", 0.0918], [""Amphiprion clarkii"", 0.003], [""Dascyllus reticulatus"", 0.0001], [""Sea anemone"", 0.0001], [""Chromis chrysura"", 0.0], [""Coral reef"", 0.0]]"
hard_00,A,Amphiprion percula,0.7508,4,0.0042,False,"[[""Amphiprion percula"", 0.7508], [""Amphiprion ocellaris"", 0.2301], [""Pomacentrus moluccensis"", 0.0127], [""Amphiprion clarkii"", 0.0042], [""Chromis chrysura"", 0.0012], [""Sea anemone"", 0.0007], [""Dascyllus reticulatus"", 0.0002], [""Coral reef"", 0.0]]"
hard_01,A,Amphiprion percula,0.8491,4,0.0124,False,"[[""Amphiprion percula"", 0.8491], [""Amphiprion ocellaris"", 0.1023], [""Sea anemone"", 0.0338], [""Amphiprion clarkii"", 0.0124], [""Pomacentrus moluccensis"", 0.0024], [""Chromis chrysura"", 0.0], [""Dascyllus reticulatus"", 0.0], [""Coral reef"", 0.0]]"
hard_02,A,Chromis chrysura,0.3362,8,0.034,False,"[[""Chromis chrysura"", 0.3362], [""Coral reef"", 0.229], [""Amphiprion percula"", 0.1393], [""Amphiprion ocellaris"", 0.1254], [""Sea anemone"", 0.0502], [""Pomacentrus moluccensis"", 0.0468], [""Dascyllus reticulatus"", 0.0391], [""Amphiprion clarkii"", 0.034]]"
hard_03,A,Amphiprion percula,0.5776,2,0.3284,False,"[[""Amphiprion percula"", 0.5776], [""Amphiprion clarkii"", 0.3284], [""Amphiprion ocellaris"", 0.0923], [""Sea anemone"", 0.0015], [""Coral reef"", 0.0001], [""Pomacentrus moluccensis"", 0.0], [""Chromis chrysura"", 0.0], [""Dascyllus reticulatus"", 0.0]]"
hard_04,A,Pomacentrus moluccensis,0.4602,4,0.0439,False,"[[""Pomacentrus moluccensis"", 0.4602], [""Amphiprion percula"", 0.2989], [""Amphiprion ocellaris"", 0.1297], [""Amphiprion clarkii"", 0.0439], [""Chromis chrysura"", 0.0278], [""Dascyllus reticulatus"", 0.0217], [""Coral reef"", 0.017], [""Sea anemone"", 0.0009]]"
easy_00,B,Sea anemone,0.9929,3,0.0013,False,"[[""Sea anemone"", 0.9929], [""Common clownfish"", 0.004], [""Clark's anemonefish"", 0.0013], [""Pacific chromis"", 0.0011], [""Coral reef"", 0.0007], [""Orange clownfish"", 0.0001], [""Reticulated dascyllus"", 0.0], [""Lemon damselfish"", 0.0]]"
easy_01,B,Sea anemone,0.7751,5,0.0069,False,"[[""Sea anemone"", 0.7751], [""Pacific chromis"", 0.1358], [""Reticulated dascyllus"", 0.0461], [""Common clownfish"", 0.0319], [""Clark's anemonefish"", 0.0069], [""Coral reef"", 0.0019], [""Lemon damselfish"", 0.0019], [""Orange clownfish"", 0.0004]]"
easy_02,B,Sea anemone,0.8354,5,0.0051,False,"[[""Sea anemone"", 0.8354], [""Common clownfish"", 0.1025], [""Coral reef"", 0.0432], [""Pacific chromis"", 0.01], [""Clark's anemonefish"", 0.0051], [""Reticulated dascyllus"", 0.0021], [""Orange clownfish"", 0.0014], [""Lemon damselfish"", 0.0003]]"
easy_03,B,Sea anemone,0.9436,6,0.0016,False,"[[""Sea anemone"", 0.9436], [""Pacific chromis"", 0.0411], [""Reticulated dascyllus"", 0.0073], [""Common clownfish"", 0.0039], [""Coral reef"", 0.0019], [""Clark's anemonefish"", 0.0016], [""Lemon damselfish"", 0.0004], [""Orange clownfish"", 0.0002]]"
easy_04,B,Orange clownfish,0.525,3,0.0053,False,"[[""Orange clownfish"", 0.525], [""Common clownfish"", 0.4615], [""Clark's anemonefish"", 0.0053], [""Pacific chromis"", 0.0038], [""Reticulated dascyllus"", 0.0022], [""Sea anemone"", 0.0013], [""Lemon damselfish"", 0.0009], [""Coral reef"", 0.0001]]"
hard_00,B,Sea anemone,0.3082,2,0.2461,False,"[[""Sea anemone"", 0.3082], [""Clark's anemonefish"", 0.2461], [""Common clownfish"", 0.2072], [""Pacific chromis"", 0.094], [""Orange clownfish"", 0.0704], [""Reticulated dascyllus"", 0.0487], [""Lemon damselfish"", 0.0179], [""Coral reef"", 0.0073]]"
hard_01,B,Sea anemone,0.8246,2,0.0981,False,"[[""Sea anemone"", 0.8246], [""Clark's anemonefish"", 0.0981], [""Common clownfish"", 0.0668], [""Orange clownfish"", 0.0095], [""Pacific chromis"", 0.0005], [""Reticulated dascyllus"", 0.0004], [""Lemon damselfish"", 0.0001], [""Coral reef"", 0.0001]]"
hard_02,B,Pacific chromis,0.5293,7,0.0089,False,"[[""Pacific chromis"", 0.5293], [""Coral reef"", 0.2989], [""Sea anemone"", 0.0656], [""Reticulated dascyllus"", 0.0498], [""Lemon damselfish"", 0.0341], [""Common clownfish"", 0.0131], [""Clark's anemonefish"", 0.0089], [""Orange clownfish"", 0.0004]]"
hard_03,B,Clark's anemonefish,0.9776,1,0.9776,True,"[[""Clark's anemonefish"", 0.9776], [""Sea anemone"", 0.019], [""Common clownfish"", 0.0021], [""Coral reef"", 0.001], [""Reticulated dascyllus"", 0.0001], [""Pacific chromis"", 0.0], [""Orange clownfish"", 0.0], [""Lemon damselfish"", 0.0]]"
hard_04,B,Lemon damselfish,0.5662,7,0.0104,False,"[[""Lemon damselfish"", 0.5662], [""Coral reef"", 0.1215], [""Pacific chromis"", 0.1185], [""Common clownfish"", 0.1123], [""Orange clownfish"", 0.0347], [""Reticulated dascyllus"", 0.03], [""Clark's anemonefish"", 0.0104], [""Sea anemone"", 0.0064]]"
