frame_idx,track_id,det_conf,classifier_top1_name,classifier_top1_conf,classifier_top2_name,classifier_top2_conf,emitted
0,1,0.8066,Hemigymnus melapterus,0.2709,Balistapus undulatus,0.2125,false
0,2,0.437,Rainbow wrasse,0.2727,Mediterranean moray,0.2152,false
1,1,0.8048,Hemigymnus melapterus,0.2709,Balistapus undulatus,0.2125,false
2,1,0.7992,Hemigymnus melapterus,0.2709,Balistapus undulatus,0.2125,false
3,1,0.8108,Hemigymnus melapterus,0.2709,Balistapus undulatus,0.2125,false
4,1,0.808,Hemigymnus melapterus,0.2709,Balistapus undulatus,0.2125,false
5,1,0.8109,Hemigymnus melapterus,0.2709,Balistapus undulatus,0.2125,false
6,1,0.8211,Hemigymnus melapterus,0.2709,Balistapus undulatus,0.2125,false
7,1,0.8237,Hemigymnus melapterus,0.2709,Balistapus undulatus,0.2125,false
8,1,0.8178,Hemigymnus melapterus,0.2709,Balistapus undulatus,0.2125,false
9,1,0.8208,Hemigymnus melapterus,0.2709,Balistapus undulatus,0.2125,false
10,1,0.8159,Hemigymnus melapterus,0.2709,Balistapus undulatus,0.2125,false
11,1,0.8218,Hemigymnus melapterus,0.2709,Balistapus undulatus,0.2125,false
11,4,0.5987,Saddled seabream,0.5907,White seabream,0.0976,true
12,1,0.8187,Hemigymnus melapterus,0.2709,Balistapus undulatus,0.2125,false
12,4,0.6994,Saddled seabream,0.5907,White seabream,0.0976,true
13,1,0.8217,Hemigymnus melapterus,0.2709,Balistapus undulatus,0.2125,false
13,4,0.7037,Saddled seabream,0.5907,White seabream,0.0976,true
14,1,0.8207,Hemigymnus melapterus,0.2709,Balistapus undulatus,0.2125,false
14,4,0.7288,Saddled seabream,0.5907,White seabream,0.0976,true
15,1,0.8226,Saddled seabream,0.2245,Hemigymnus melapterus,0.2155,false
15,4,0.658,Saddled seabream,0.5907,White seabream,0.0976,true
16,1,0.8208,Saddled seabream,0.2245,Hemigymnus melapterus,0.2155,false
16,4,0.6428,Saddled seabream,0.5907,White seabream,0.0976,true
17,1,0.8173,Saddled seabream,0.2245,Hemigymnus melapterus,0.2155,false
17,4,0.6533,Saddled seabream,0.5907,White seabream,0.0976,true
18,1,0.8131,Saddled seabream,0.2245,Hemigymnus melapterus,0.2155,false
18,4,0.6735,Saddled seabream,0.5907,White seabream,0.0976,true
19,1,0.8132,Saddled seabream,0.2245,Hemigymnus melapterus,0.2155,false
19,4,0.6589,Saddled seabream,0.5907,White seabream,0.0976,true
20,1,0.8179,Saddled seabream,0.2245,Hemigymnus melapterus,0.2155,false
20,4,0.7103,Saddled seabream,0.5907,White seabream,0.0976,true
20,2,0.4013,Rainbow wrasse,0.1869,Mediterranean moray,0.1694,false
21,1,0.8166,Saddled seabream,0.2245,Hemigymnus melapterus,0.2155,false
21,4,0.7262,Saddled seabream,0.5907,White seabream,0.0976,true
21,2,0.6353,Rainbow wrasse,0.1869,Mediterranean moray,0.1694,false
22,1,0.8108,Saddled seabream,0.2245,Hemigymnus melapterus,0.2155,false
22,4,0.7337,Saddled seabream,0.5907,White seabream,0.0976,true
23,1,0.8096,Saddled seabream,0.2245,Hemigymnus melapterus,0.2155,false
23,4,0.6464,Saddled seabream,0.5907,White seabream,0.0976,true
24,1,0.8175,Saddled seabream,0.2245,Hemigymnus melapterus,0.2155,false
24,4,0.7014,Saddled seabream,0.5907,White seabream,0.0976,true
25,1,0.8248,Saddled seabream,0.2245,Hemigymnus melapterus,0.2155,false
25,4,0.7085,Saddled seabream,0.5907,White seabream,0.0976,true
25,6,0.476,Saddled seabream,0.3973,White seabream,0.1405,false
26,1,0.8278,Saddled seabream,0.2245,Hemigymnus melapterus,0.2155,false
26,4,0.61,Saddled seabream,0.4761,White seabream,0.129,false
26,6,0.4381,Saddled seabream,0.3973,White seabream,0.1405,false
27,1,0.8171,Saddled seabream,0.2245,Hemigymnus melapterus,0.2155,false
27,4,0.6842,Saddled seabream,0.4761,White seabream,0.129,false
28,1,0.8223,Saddled seabream,0.2245,Hemigymnus melapterus,0.2155,false
28,4,0.7013,Saddled seabream,0.4761,White seabream,0.129,false
29,1,0.8208,Saddled seabream,0.2245,Hemigymnus melapterus,0.2155,false
29,4,0.7769,Saddled seabream,0.4761,White seabream,0.129,false
30,1,0.8136,Saddled seabream,0.3076,Hemigymnus melapterus,0.1436,false
30,4,0.768,Saddled seabream,0.4761,White seabream,0.129,false
31,1,0.8065,Saddled seabream,0.3076,Hemigymnus melapterus,0.1436,false
31,4,0.6852,Saddled seabream,0.4761,White seabream,0.129,false
32,1,0.8119,Saddled seabream,0.3076,Hemigymnus melapterus,0.1436,false
32,4,0.466,Saddled seabream,0.4761,White seabream,0.129,false
33,1,0.8153,Saddled seabream,0.3076,Hemigymnus melapterus,0.1436,false
33,4,0.6868,Saddled seabream,0.4761,White seabream,0.129,false
34,1,0.8201,Saddled seabream,0.3076,Hemigymnus melapterus,0.1436,false
34,4,0.6304,Saddled seabream,0.4761,White seabream,0.129,false
35,1,0.8308,Saddled seabream,0.3076,Hemigymnus melapterus,0.1436,false
35,4,0.6692,Saddled seabream,0.4761,White seabream,0.129,false
35,8,0.4302,Gilthead seabream,0.7029,Salema porgy,0.0835,true
36,1,0.8354,Saddled seabream,0.3076,Hemigymnus melapterus,0.1436,false
36,4,0.6245,Saddled seabream,0.4761,White seabream,0.129,false
37,1,0.8372,Saddled seabream,0.3076,Hemigymnus melapterus,0.1436,false
37,4,0.6324,Saddled seabream,0.4761,White seabream,0.129,false
38,1,0.8353,Saddled seabream,0.3076,Hemigymnus melapterus,0.1436,false
39,1,0.8217,Saddled seabream,0.3076,Hemigymnus melapterus,0.1436,false
40,1,0.8241,Saddled seabream,0.3076,Hemigymnus melapterus,0.1436,false
41,1,0.8259,Saddled seabream,0.3076,Hemigymnus melapterus,0.1436,false
41,4,0.418,Saddled seabream,0.3667,Dusky grouper,0.1555,false
42,1,0.8233,Saddled seabream,0.3076,Hemigymnus melapterus,0.1436,false
43,1,0.8287,Saddled seabream,0.3076,Hemigymnus melapterus,0.1436,false
44,1,0.821,Saddled seabream,0.3076,Hemigymnus melapterus,0.1436,false
45,1,0.7601,Saddled seabream,0.2791,Mediterranean moray,0.2317,false
46,1,0.7296,Saddled seabream,0.2791,Mediterranean moray,0.2317,false
47,1,0.7257,Saddled seabream,0.2791,Mediterranean moray,0.2317,false
48,1,0.7505,Saddled seabream,0.2791,Mediterranean moray,0.2317,false
49,1,0.7346,Saddled seabream,0.2791,Mediterranean moray,0.2317,false
50,1,0.6986,Saddled seabream,0.2791,Mediterranean moray,0.2317,false
51,1,0.7002,Saddled seabream,0.2791,Mediterranean moray,0.2317,false
52,1,0.6404,Saddled seabream,0.2791,Mediterranean moray,0.2317,false
53,1,0.639,Saddled seabream,0.2791,Mediterranean moray,0.2317,false
54,1,0.7279,Saddled seabream,0.2791,Mediterranean moray,0.2317,false
55,1,0.7154,Saddled seabream,0.2791,Mediterranean moray,0.2317,false
56,1,0.7165,Saddled seabream,0.2791,Mediterranean moray,0.2317,false
57,1,0.7412,Saddled seabream,0.2791,Mediterranean moray,0.2317,false
58,1,0.6775,Saddled seabream,0.2791,Mediterranean moray,0.2317,false
59,1,0.7071,Saddled seabream,0.2791,Mediterranean moray,0.2317,false
60,1,0.6084,Saddled seabream,0.2968,Mediterranean moray,0.2845,false
61,1,0.621,Saddled seabream,0.2968,Mediterranean moray,0.2845,false
62,1,0.6245,Saddled seabream,0.2968,Mediterranean moray,0.2845,false
63,1,0.6272,Saddled seabream,0.2968,Mediterranean moray,0.2845,false
64,1,0.6278,Saddled seabream,0.2968,Mediterranean moray,0.2845,false
65,1,0.5937,Saddled seabream,0.2968,Mediterranean moray,0.2845,false
66,1,0.5238,Saddled seabream,0.2968,Mediterranean moray,0.2845,false
67,1,0.4413,Saddled seabream,0.2968,Mediterranean moray,0.2845,false
69,1,0.4533,Saddled seabream,0.2968,Mediterranean moray,0.2845,false
70,1,0.5017,Saddled seabream,0.2968,Mediterranean moray,0.2845,false
71,1,0.6385,Saddled seabream,0.2968,Mediterranean moray,0.2845,false
72,1,0.5712,Saddled seabream,0.2968,Mediterranean moray,0.2845,false
73,1,0.4768,Saddled seabream,0.2968,Mediterranean moray,0.2845,false
74,1,0.4666,Saddled seabream,0.2968,Mediterranean moray,0.2845,false
75,1,0.4336,Saddled seabream,0.3288,Mediterranean moray,0.2415,false
78,1,0.4969,Saddled seabream,0.3288,Mediterranean moray,0.2415,false
79,1,0.4911,Saddled seabream,0.3288,Mediterranean moray,0.2415,false
80,1,0.5121,Saddled seabream,0.3288,Mediterranean moray,0.2415,false
81,1,0.4754,Saddled seabream,0.3288,Mediterranean moray,0.2415,false
82,1,0.5444,Saddled seabream,0.3288,Mediterranean moray,0.2415,false
84,1,0.5788,Saddled seabream,0.3288,Mediterranean moray,0.2415,false
85,1,0.5302,Saddled seabream,0.3288,Mediterranean moray,0.2415,false
89,1,0.4733,Saddled seabream,0.3288,Mediterranean moray,0.2415,false
90,18,0.5029,Pomacentrus moluccensis,0.8736,Chaetodon lunulatus,0.124,true
90,1,0.5757,Saddled seabream,0.3468,Mediterranean moray,0.1659,false
91,18,0.5717,Pomacentrus moluccensis,0.8736,Chaetodon lunulatus,0.124,true
91,1,0.4998,Saddled seabream,0.3468,Mediterranean moray,0.1659,false
92,1,0.5292,Saddled seabream,0.3468,Mediterranean moray,0.1659,false
92,20,0.4652,Ornate wrasse,0.1948,Rainbow wrasse,0.164,false
93,1,0.516,Saddled seabream,0.3468,Mediterranean moray,0.1659,false
94,1,0.4966,Saddled seabream,0.3468,Mediterranean moray,0.1659,false
95,1,0.4829,Saddled seabream,0.3468,Mediterranean moray,0.1659,false
95,20,0.4901,Ornate wrasse,0.1948,Rainbow wrasse,0.164,false
96,1,0.4862,Saddled seabream,0.3468,Mediterranean moray,0.1659,false
97,1,0.5093,Saddled seabream,0.3468,Mediterranean moray,0.1659,false
97,22,0.6423,Saddled seabream,0.8452,Dusky grouper,0.0396,true
98,1,0.5419,Saddled seabream,0.3468,Mediterranean moray,0.1659,false
98,22,0.7206,Saddled seabream,0.8452,Dusky grouper,0.0396,true
99,1,0.5356,Saddled seabream,0.3468,Mediterranean moray,0.1659,false
99,22,0.5992,Saddled seabream,0.8452,Dusky grouper,0.0396,true
99,24,0.7709,Pomacentrus moluccensis,0.4033,Amphiprion clarkii,0.1207,false
99,20,0.5641,Ornate wrasse,0.1948,Rainbow wrasse,0.164,false
100,1,0.4753,Saddled seabream,0.3468,Mediterranean moray,0.1659,false
100,22,0.5633,Saddled seabream,0.8452,Dusky grouper,0.0396,true
100,24,0.6931,Pomacentrus moluccensis,0.4033,Amphiprion clarkii,0.1207,false
101,1,0.4523,Saddled seabream,0.3468,Mediterranean moray,0.1659,false
101,22,0.5585,Saddled seabream,0.8452,Dusky grouper,0.0396,true
102,1,0.4756,Saddled seabream,0.3468,Mediterranean moray,0.1659,false
102,22,0.4035,Saddled seabream,0.8452,Dusky grouper,0.0396,true
102,24,0.7982,Pomacentrus moluccensis,0.4033,Amphiprion clarkii,0.1207,false
103,1,0.536,Saddled seabream,0.3468,Mediterranean moray,0.1659,false
103,24,0.751,Pomacentrus moluccensis,0.4033,Amphiprion clarkii,0.1207,false
104,1,0.4757,Saddled seabream,0.3468,Mediterranean moray,0.1659,false
104,24,0.6693,Pomacentrus moluccensis,0.4033,Amphiprion clarkii,0.1207,false
105,24,0.5926,Pomacentrus moluccensis,0.4033,Amphiprion clarkii,0.1207,false
106,22,0.5001,Saddled seabream,0.8452,Dusky grouper,0.0396,true
107,1,0.425,Mediterranean moray,0.359,Saddled seabream,0.2656,false
108,26,0.4345,Saddled seabream,0.8447,White seabream,0.0353,true
108,1,0.621,Mediterranean moray,0.359,Saddled seabream,0.2656,false
109,1,0.49,Mediterranean moray,0.359,Saddled seabream,0.2656,false
109,24,0.6179,Pomacentrus moluccensis,0.4033,Amphiprion clarkii,0.1207,false
110,24,0.4649,Pomacentrus moluccensis,0.4033,Amphiprion clarkii,0.1207,false
111,24,0.5335,Pomacentrus moluccensis,0.4033,Amphiprion clarkii,0.1207,false
112,24,0.4659,Pomacentrus moluccensis,0.4033,Amphiprion clarkii,0.1207,false
113,1,0.5812,Mediterranean moray,0.359,Saddled seabream,0.2656,false
114,1,0.6631,Mediterranean moray,0.359,Saddled seabream,0.2656,false
114,24,0.5044,Salema porgy,0.2612,Pomacentrus moluccensis,0.2502,false
115,1,0.6942,Mediterranean moray,0.359,Saddled seabream,0.2656,false
116,1,0.6118,Mediterranean moray,0.359,Saddled seabream,0.2656,false
116,29,0.4063,Gilthead seabream,0.7673,Mediterranean moray,0.113,true
117,1,0.5738,Mediterranean moray,0.359,Saddled seabream,0.2656,false
117,29,0.4307,Gilthead seabream,0.7673,Mediterranean moray,0.113,true
117,30,0.5605,Dusky grouper,0.254,Mediterranean moray,0.2455,false
118,1,0.5129,Mediterranean moray,0.359,Saddled seabream,0.2656,false
119,1,0.4174,Mediterranean moray,0.359,Saddled seabream,0.2656,false
119,32,0.5036,Gilthead seabream,0.319,White seabream,0.1393,false
119,30,0.5132,Dusky grouper,0.254,Mediterranean moray,0.2455,false
120,1,0.4628,Mediterranean moray,0.359,Saddled seabream,0.2656,false
122,,0.5555,Dusky grouper,0.4776,Mediterranean moray,0.3855,false
123,33,0.4433,Mediterranean moray,0.6752,Dusky grouper,0.1408,true
124,33,0.4943,Mediterranean moray,0.6752,Dusky grouper,0.1408,true
124,1,0.5629,Mediterranean moray,0.4053,Saddled seabream,0.2485,false
125,33,0.6824,Mediterranean moray,0.6752,Dusky grouper,0.1408,true
125,1,0.6761,Mediterranean moray,0.4053,Saddled seabream,0.2485,false
126,33,0.4808,Mediterranean moray,0.6752,Dusky grouper,0.1408,true
126,1,0.6857,Mediterranean moray,0.4053,Saddled seabream,0.2485,false
127,1,0.6761,Mediterranean moray,0.4053,Saddled seabream,0.2485,false
128,1,0.6527,Mediterranean moray,0.4053,Saddled seabream,0.2485,false
129,1,0.6181,Mediterranean moray,0.4053,Saddled seabream,0.2485,false
130,1,0.6667,Mediterranean moray,0.4053,Saddled seabream,0.2485,false
131,1,0.649,Mediterranean moray,0.4053,Saddled seabream,0.2485,false
131,34,0.5294,Pomacentrus moluccensis,0.5063,Pempheris vanicolensis,0.4004,true
131,32,0.5691,Gilthead seabream,0.319,White seabream,0.1393,false
132,1,0.5608,Mediterranean moray,0.4053,Saddled seabream,0.2485,false
132,34,0.5607,Pomacentrus moluccensis,0.5063,Pempheris vanicolensis,0.4004,true
133,1,0.5096,Mediterranean moray,0.4053,Saddled seabream,0.2485,false
133,34,0.6173,Pomacentrus moluccensis,0.5063,Pempheris vanicolensis,0.4004,true
134,1,0.5483,Mediterranean moray,0.4053,Saddled seabream,0.2485,false
134,34,0.7706,Pomacentrus moluccensis,0.5063,Pempheris vanicolensis,0.4004,true
134,35,0.5254,Saddled seabream,0.2445,Ornate wrasse,0.1619,false
135,1,0.5575,Mediterranean moray,0.4053,Saddled seabream,0.2485,false
135,34,0.8079,Pomacentrus moluccensis,0.5063,Pempheris vanicolensis,0.4004,true
135,35,0.4847,Saddled seabream,0.2445,Ornate wrasse,0.1619,false
135,30,0.4569,Gilthead seabream,0.227,Salema porgy,0.219,false
136,1,0.5653,Mediterranean moray,0.4053,Saddled seabream,0.2485,false
136,34,0.8186,Pomacentrus moluccensis,0.5063,Pempheris vanicolensis,0.4004,true
136,30,0.5706,Gilthead seabream,0.227,Salema porgy,0.219,false
136,32,0.4874,Gilthead seabream,0.338,White seabream,0.1459,false
137,1,0.6263,Mediterranean moray,0.4053,Saddled seabream,0.2485,false
137,34,0.7014,Pomacentrus moluccensis,0.5063,Pempheris vanicolensis,0.4004,true
137,30,0.4283,Gilthead seabream,0.227,Salema porgy,0.219,false
137,32,0.4821,Gilthead seabream,0.338,White seabream,0.1459,false
138,1,0.6167,Mediterranean moray,0.4053,Saddled seabream,0.2485,false
138,34,0.6094,Pomacentrus moluccensis,0.5063,Pempheris vanicolensis,0.4004,true
138,30,0.6926,Gilthead seabream,0.227,Salema porgy,0.219,false
138,32,0.617,Gilthead seabream,0.338,White seabream,0.1459,false
139,1,0.5027,Mediterranean moray,0.5033,Saddled seabream,0.1928,true
139,34,0.5904,Pomacentrus moluccensis,0.5063,Pempheris vanicolensis,0.4004,true
139,30,0.5806,Gilthead seabream,0.227,Salema porgy,0.219,false
139,32,0.5406,Gilthead seabream,0.338,White seabream,0.1459,false
139,35,0.4187,Saddled seabream,0.2445,Ornate wrasse,0.1619,false
140,1,0.4876,Mediterranean moray,0.5033,Saddled seabream,0.1928,true
140,34,0.6024,Pomacentrus moluccensis,0.5063,Pempheris vanicolensis,0.4004,true
140,30,0.5083,Gilthead seabream,0.227,Salema porgy,0.219,false
140,32,0.5926,Gilthead seabream,0.338,White seabream,0.1459,false
140,35,0.4546,Saddled seabream,0.2445,Ornate wrasse,0.1619,false
141,1,0.5645,Mediterranean moray,0.5033,Saddled seabream,0.1928,true
141,34,0.6061,Pomacentrus moluccensis,0.5063,Pempheris vanicolensis,0.4004,true
141,30,0.4869,Gilthead seabream,0.227,Salema porgy,0.219,false
141,35,0.5792,Saddled seabream,0.2445,Ornate wrasse,0.1619,false
142,1,0.5174,Mediterranean moray,0.5033,Saddled seabream,0.1928,true
142,34,0.6984,Pomacentrus moluccensis,0.5063,Pempheris vanicolensis,0.4004,true
142,35,0.4692,Saddled seabream,0.2445,Ornate wrasse,0.1619,false
143,1,0.478,Mediterranean moray,0.5033,Saddled seabream,0.1928,true
143,30,0.5239,Gilthead seabream,0.227,Salema porgy,0.219,false
144,1,0.446,Mediterranean moray,0.5033,Saddled seabream,0.1928,true
145,1,0.4576,Mediterranean moray,0.5033,Saddled seabream,0.1928,true
145,30,0.4854,Gilthead seabream,0.227,Salema porgy,0.219,false
146,1,0.5657,Mediterranean moray,0.5033,Saddled seabream,0.1928,true
147,1,0.5478,Mediterranean moray,0.5033,Saddled seabream,0.1928,true
147,35,0.5818,Saddled seabream,0.2445,Ornate wrasse,0.1619,false
147,30,0.4339,Gilthead seabream,0.227,Salema porgy,0.219,false
148,1,0.4875,Mediterranean moray,0.5033,Saddled seabream,0.1928,true
148,35,0.5709,Saddled seabream,0.2445,Ornate wrasse,0.1619,false
148,30,0.5724,Gilthead seabream,0.227,Salema porgy,0.219,false
149,1,0.5864,Mediterranean moray,0.5033,Saddled seabream,0.1928,true
149,35,0.6582,Saddled seabream,0.3058,Ornate wrasse,0.151,false
150,1,0.5707,Mediterranean moray,0.5033,Saddled seabream,0.1928,true
150,35,0.5265,Saddled seabream,0.3058,Ornate wrasse,0.151,false
150,30,0.6764,Salema porgy,0.271,Gilthead seabream,0.19,false
151,1,0.4451,Mediterranean moray,0.5033,Saddled seabream,0.1928,true
151,30,0.5051,Salema porgy,0.271,Gilthead seabream,0.19,false
152,1,0.5344,Mediterranean moray,0.5033,Saddled seabream,0.1928,true
152,30,0.4595,Salema porgy,0.271,Gilthead seabream,0.19,false
153,1,0.6136,Mediterranean moray,0.5033,Saddled seabream,0.1928,true
153,30,0.738,Salema porgy,0.271,Gilthead seabream,0.19,false
153,35,0.5567,Saddled seabream,0.3058,Ornate wrasse,0.151,false
154,1,0.6177,Mediterranean moray,0.3749,Saddled seabream,0.2223,false
154,30,0.7799,Salema porgy,0.271,Gilthead seabream,0.19,false
155,1,0.6627,Mediterranean moray,0.3749,Saddled seabream,0.2223,false
155,30,0.7471,Salema porgy,0.271,Gilthead seabream,0.19,false
156,1,0.7077,Mediterranean moray,0.3749,Saddled seabream,0.2223,false
156,30,0.7889,Salema porgy,0.271,Gilthead seabream,0.19,false
157,1,0.7591,Mediterranean moray,0.3749,Saddled seabream,0.2223,false
157,30,0.8177,Salema porgy,0.271,Gilthead seabream,0.19,false
158,1,0.7074,Mediterranean moray,0.3749,Saddled seabream,0.2223,false
158,30,0.833,Salema porgy,0.271,Gilthead seabream,0.19,false
159,1,0.6998,Mediterranean moray,0.3749,Saddled seabream,0.2223,false
159,30,0.8339,Salema porgy,0.271,Gilthead seabream,0.19,false
160,1,0.6868,Mediterranean moray,0.3749,Saddled seabream,0.2223,false
160,30,0.7995,Salema porgy,0.271,Gilthead seabream,0.19,false
161,1,0.6998,Mediterranean moray,0.3749,Saddled seabream,0.2223,false
161,30,0.7899,Salema porgy,0.271,Gilthead seabream,0.19,false
162,1,0.6724,Mediterranean moray,0.3749,Saddled seabream,0.2223,false
162,30,0.7651,Salema porgy,0.271,Gilthead seabream,0.19,false
163,1,0.6842,Mediterranean moray,0.3749,Saddled seabream,0.2223,false
163,30,0.7917,Salema porgy,0.271,Gilthead seabream,0.19,false
164,1,0.6679,Mediterranean moray,0.3749,Saddled seabream,0.2223,false
164,30,0.8434,Salema porgy,0.271,Gilthead seabream,0.19,false
164,38,0.5633,Abudefduf vaigiensis,0.2324,Chaetodon trifascialis,0.1418,false
165,1,0.6769,Mediterranean moray,0.3749,Saddled seabream,0.2223,false
165,30,0.85,Saddled seabream,0.3344,Salema porgy,0.2053,false
165,38,0.6659,Abudefduf vaigiensis,0.2324,Chaetodon trifascialis,0.1418,false
166,1,0.6417,Mediterranean moray,0.3749,Saddled seabream,0.2223,false
166,30,0.8442,Saddled seabream,0.3344,Salema porgy,0.2053,false
167,1,0.6061,Mediterranean moray,0.3749,Saddled seabream,0.2223,false
167,30,0.8044,Saddled seabream,0.3344,Salema porgy,0.2053,false
168,1,0.6208,Mediterranean moray,0.3749,Saddled seabream,0.2223,false
168,30,0.7519,Saddled seabream,0.3344,Salema porgy,0.2053,false
169,1,0.6232,Mediterranean moray,0.4156,Saddled seabream,0.2552,false
169,30,0.768,Saddled seabream,0.3344,Salema porgy,0.2053,false
170,1,0.5547,Mediterranean moray,0.4156,Saddled seabream,0.2552,false
170,30,0.7699,Saddled seabream,0.3344,Salema porgy,0.2053,false
171,30,0.4607,Saddled seabream,0.3344,Salema porgy,0.2053,false
171,39,0.7116,White seabream,0.4416,Saddled seabream,0.261,false
172,39,0.757,White seabream,0.4416,Saddled seabream,0.261,false
172,40,0.5553,Pomacentrus moluccensis,0.5001,Saddled seabream,0.4141,true
172,41,0.4912,Pomacentrus moluccensis,0.5905,Zebrasoma scopas,0.2224,true
172,1,0.4224,Mediterranean moray,0.4156,Saddled seabream,0.2552,false
173,39,0.7532,White seabream,0.4416,Saddled seabream,0.261,false
173,40,0.5202,Pomacentrus moluccensis,0.5001,Saddled seabream,0.4141,true
173,42,0.5615,Salema porgy,0.8821,Gilthead seabream,0.0607,true
173,1,0.4352,Mediterranean moray,0.4156,Saddled seabream,0.2552,false
174,39,0.7373,White seabream,0.4416,Saddled seabream,0.261,false
174,40,0.4451,Pomacentrus moluccensis,0.5001,Saddled seabream,0.4141,true
174,42,0.5966,Salema porgy,0.8821,Gilthead seabream,0.0607,true
174,30,0.5029,Saddled seabream,0.3344,Salema porgy,0.2053,false
175,39,0.7711,White seabream,0.4416,Saddled seabream,0.261,false
175,42,0.4552,Salema porgy,0.8821,Gilthead seabream,0.0607,true
175,30,0.5321,Saddled seabream,0.3344,Salema porgy,0.2053,false
176,39,0.7251,White seabream,0.4416,Saddled seabream,0.261,false
176,1,0.5237,Mediterranean moray,0.4156,Saddled seabream,0.2552,false
177,39,0.8005,White seabream,0.4416,Saddled seabream,0.261,false
177,1,0.4892,Mediterranean moray,0.4156,Saddled seabream,0.2552,false
177,30,0.5061,Saddled seabream,0.3344,Salema porgy,0.2053,false
178,39,0.8496,White seabream,0.4416,Saddled seabream,0.261,false
178,30,0.6593,Saddled seabream,0.3344,Salema porgy,0.2053,false
179,39,0.776,White seabream,0.4416,Saddled seabream,0.261,false
179,30,0.5882,Saddled seabream,0.3344,Salema porgy,0.2053,false
179,1,0.4048,Mediterranean moray,0.4156,Saddled seabream,0.2552,false
180,39,0.7873,White seabream,0.4416,Saddled seabream,0.261,false
180,30,0.778,Saddled seabream,0.2267,Salema porgy,0.2088,false
180,1,0.4168,Mediterranean moray,0.4156,Saddled seabream,0.2552,false
181,39,0.7194,White seabream,0.4416,Saddled seabream,0.261,false
181,30,0.729,Saddled seabream,0.2267,Salema porgy,0.2088,false
181,1,0.4877,Mediterranean moray,0.4156,Saddled seabream,0.2552,false
182,39,0.8501,White seabream,0.4416,Saddled seabream,0.261,false
182,30,0.6394,Saddled seabream,0.2267,Salema porgy,0.2088,false
183,39,0.8366,White seabream,0.4416,Saddled seabream,0.261,false
183,30,0.7165,Saddled seabream,0.2267,Salema porgy,0.2088,false
183,1,0.4564,Mediterranean moray,0.4156,Saddled seabream,0.2552,false
184,39,0.7976,White seabream,0.4416,Saddled seabream,0.261,false
184,30,0.643,Saddled seabream,0.2267,Salema porgy,0.2088,false
184,1,0.4269,Saddled seabream,0.3946,Mediterranean moray,0.271,false
185,39,0.8165,White seabream,0.4416,Saddled seabream,0.261,false
185,30,0.589,Saddled seabream,0.2267,Salema porgy,0.2088,false
185,1,0.4021,Saddled seabream,0.3946,Mediterranean moray,0.271,false
186,39,0.8481,White seabream,0.3546,Saddled seabream,0.2858,false
186,30,0.6546,Saddled seabream,0.2267,Salema porgy,0.2088,false
186,1,0.4379,Saddled seabream,0.3946,Mediterranean moray,0.271,false
187,39,0.8,White seabream,0.3546,Saddled seabream,0.2858,false
187,30,0.6986,Saddled seabream,0.2267,Salema porgy,0.2088,false
187,1,0.4089,Saddled seabream,0.3946,Mediterranean moray,0.271,false
188,39,0.774,White seabream,0.3546,Saddled seabream,0.2858,false
188,30,0.7485,Saddled seabream,0.2267,Salema porgy,0.2088,false
188,1,0.4081,Saddled seabream,0.3946,Mediterranean moray,0.271,false
189,39,0.7661,White seabream,0.3546,Saddled seabream,0.2858,false
189,30,0.7519,Saddled seabream,0.2267,Salema porgy,0.2088,false
189,1,0.469,Saddled seabream,0.3946,Mediterranean moray,0.271,false
190,39,0.5572,White seabream,0.3546,Saddled seabream,0.2858,false
190,30,0.787,Saddled seabream,0.2267,Salema porgy,0.2088,false
190,1,0.6486,Saddled seabream,0.3946,Mediterranean moray,0.271,false
190,38,0.5389,Abudefduf vaigiensis,0.1456,Saddled seabream,0.1344,false
191,30,0.8083,Saddled seabream,0.2267,Salema porgy,0.2088,false
191,1,0.4688,Saddled seabream,0.3946,Mediterranean moray,0.271,false
191,48,0.5183,Saddled seabream,0.2657,White seabream,0.1426,false
191,38,0.5138,Abudefduf vaigiensis,0.1456,Saddled seabream,0.1344,false
192,30,0.7975,Saddled seabream,0.2267,Salema porgy,0.2088,false
192,39,0.5396,White seabream,0.3546,Saddled seabream,0.2858,false
193,30,0.7796,Saddled seabream,0.2267,Salema porgy,0.2088,false
193,39,0.4175,White seabream,0.3546,Saddled seabream,0.2858,false
194,30,0.8262,Saddled seabream,0.2267,Salema porgy,0.2088,false
195,30,0.8301,Gilthead seabream,0.2841,Saddled seabream,0.1663,false
196,30,0.8476,Gilthead seabream,0.2841,Saddled seabream,0.1663,false
197,30,0.7998,Gilthead seabream,0.2841,Saddled seabream,0.1663,false
197,49,0.6585,Plectroglyphidodon dickii,0.539,Chromis chrysura,0.0822,true
197,39,0.6741,White seabream,0.3546,Saddled seabream,0.2858,false
198,30,0.8211,Gilthead seabream,0.2841,Saddled seabream,0.1663,false
198,49,0.5969,Plectroglyphidodon dickii,0.539,Chromis chrysura,0.0822,true
198,50,0.7987,Saddled seabream,0.4303,Dusky grouper,0.256,false
198,39,0.7397,White seabream,0.3546,Saddled seabream,0.2858,false
198,48,0.5149,Saddled seabream,0.2657,White seabream,0.1426,false
199,30,0.8071,Gilthead seabream,0.2841,Saddled seabream,0.1663,false
199,49,0.6613,Plectroglyphidodon dickii,0.539,Chromis chrysura,0.0822,true
199,50,0.6681,Saddled seabream,0.4303,Dusky grouper,0.256,false
199,39,0.5521,White seabream,0.3546,Saddled seabream,0.2858,false
200,30,0.8037,Gilthead seabream,0.2841,Saddled seabream,0.1663,false
200,49,0.5307,Plectroglyphidodon dickii,0.539,Chromis chrysura,0.0822,true
200,39,0.4747,White seabream,0.3546,Saddled seabream,0.2858,false
200,1,0.4785,Mediterranean moray,0.3506,Saddled seabream,0.2817,false
201,30,0.8063,Gilthead seabream,0.2841,Saddled seabream,0.1663,false
201,49,0.5655,Plectroglyphidodon dickii,0.539,Chromis chrysura,0.0822,true
201,39,0.5675,White seabream,0.5827,Saddled seabream,0.1812,true
201,1,0.536,Mediterranean moray,0.3506,Saddled seabream,0.2817,false
202,30,0.7009,Gilthead seabream,0.2841,Saddled seabream,0.1663,false
202,49,0.4598,Plectroglyphidodon dickii,0.539,Chromis chrysura,0.0822,true
202,39,0.4973,White seabream,0.5827,Saddled seabream,0.1812,true
202,1,0.7069,Mediterranean moray,0.3506,Saddled seabream,0.2817,false
203,30,0.6689,Gilthead seabream,0.2841,Saddled seabream,0.1663,false
203,49,0.6994,Plectroglyphidodon dickii,0.539,Chromis chrysura,0.0822,true
203,1,0.652,Mediterranean moray,0.3506,Saddled seabream,0.2817,false
203,53,0.5077,Saddled seabream,0.1096,White seabream,0.0862,false
204,30,0.7001,Gilthead seabream,0.2841,Saddled seabream,0.1663,false
204,49,0.6769,Plectroglyphidodon dickii,0.539,Chromis chrysura,0.0822,true
204,1,0.7272,Mediterranean moray,0.3506,Saddled seabream,0.2817,false
204,53,0.6178,Saddled seabream,0.1096,White seabream,0.0862,false
204,48,0.5556,Saddled seabream,0.2657,White seabream,0.1426,false
205,30,0.6293,Gilthead seabream,0.2841,Saddled seabream,0.1663,false
205,1,0.6077,Mediterranean moray,0.3506,Saddled seabream,0.2817,false
205,53,0.6376,Saddled seabream,0.1096,White seabream,0.0862,false
206,30,0.6463,Gilthead seabream,0.2841,Saddled seabream,0.1663,false
206,1,0.6769,Mediterranean moray,0.3506,Saddled seabream,0.2817,false
206,53,0.4839,Saddled seabream,0.1096,White seabream,0.0862,false
207,30,0.645,Gilthead seabream,0.2841,Saddled seabream,0.1663,false
207,1,0.574,Mediterranean moray,0.3506,Saddled seabream,0.2817,false
207,53,0.4781,Saddled seabream,0.1096,White seabream,0.0862,false
207,56,0.6057,Saddled seabream,0.2215,Rainbow wrasse,0.1849,false
208,30,0.5995,Gilthead seabream,0.2841,Saddled seabream,0.1663,false
208,1,0.5387,Mediterranean moray,0.3506,Saddled seabream,0.2817,false
208,48,0.5828,Saddled seabream,0.2862,White seabream,0.1446,false
209,30,0.7441,Gilthead seabream,0.2841,Saddled seabream,0.1663,false
209,1,0.6539,Mediterranean moray,0.3506,Saddled seabream,0.2817,false
209,48,0.7211,Saddled seabream,0.2862,White seabream,0.1446,false
210,30,0.6457,Gilthead seabream,0.4605,Saddled seabream,0.1221,false
210,1,0.5558,Mediterranean moray,0.3506,Saddled seabream,0.2817,false
210,48,0.5115,Saddled seabream,0.2862,White seabream,0.1446,false
211,30,0.6133,Gilthead seabream,0.4605,Saddled seabream,0.1221,false
211,1,0.489,Mediterranean moray,0.3506,Saddled seabream,0.2817,false
211,48,0.4759,Saddled seabream,0.2862,White seabream,0.1446,false
211,50,0.583,Saddled seabream,0.4303,Dusky grouper,0.256,false
212,30,0.7926,Gilthead seabream,0.4605,Saddled seabream,0.1221,false
212,1,0.6039,Mediterranean moray,0.3506,Saddled seabream,0.2817,false
212,48,0.5206,Saddled seabream,0.2862,White seabream,0.1446,false
213,30,0.7317,Gilthead seabream,0.4605,Saddled seabream,0.1221,false
213,1,0.5785,Mediterranean moray,0.3506,Saddled seabream,0.2817,false
214,30,0.6286,Gilthead seabream,0.4605,Saddled seabream,0.1221,false
214,1,0.4996,Mediterranean moray,0.3506,Saddled seabream,0.2817,false
215,30,0.6986,Gilthead seabream,0.4605,Saddled seabream,0.1221,false
215,1,0.6293,Saddled seabream,0.4018,Mediterranean moray,0.2464,false
216,30,0.8218,Gilthead seabream,0.4605,Saddled seabream,0.1221,false
216,1,0.6816,Saddled seabream,0.4018,Mediterranean moray,0.2464,false
216,48,0.4277,Saddled seabream,0.2862,White seabream,0.1446,false
217,30,0.6516,Gilthead seabream,0.4605,Saddled seabream,0.1221,false
217,1,0.6332,Saddled seabream,0.4018,Mediterranean moray,0.2464,false
217,61,0.4166,Mediterranean moray,0.7168,Saddled seabream,0.1147,true
217,48,0.4468,Saddled seabream,0.2862,White seabream,0.1446,false
218,30,0.774,Gilthead seabream,0.4605,Saddled seabream,0.1221,false
218,1,0.6024,Saddled seabream,0.4018,Mediterranean moray,0.2464,false
219,30,0.7154,Gilthead seabream,0.4605,Saddled seabream,0.1221,false
219,1,0.562,Saddled seabream,0.4018,Mediterranean moray,0.2464,false
220,30,0.6949,Gilthead seabream,0.4605,Saddled seabream,0.1221,false
220,1,0.5469,Saddled seabream,0.4018,Mediterranean moray,0.2464,false
220,61,0.431,Mediterranean moray,0.7168,Saddled seabream,0.1147,true
221,30,0.6954,Gilthead seabream,0.4605,Saddled seabream,0.1221,false
221,1,0.5207,Saddled seabream,0.4018,Mediterranean moray,0.2464,false
222,30,0.5756,Gilthead seabream,0.4605,Saddled seabream,0.1221,false
222,1,0.5884,Saddled seabream,0.4018,Mediterranean moray,0.2464,false
223,30,0.7477,Gilthead seabream,0.4605,Saddled seabream,0.1221,false
223,1,0.5938,Saddled seabream,0.4018,Mediterranean moray,0.2464,false
224,30,0.8292,Gilthead seabream,0.4605,Saddled seabream,0.1221,false
224,1,0.6543,Saddled seabream,0.4018,Mediterranean moray,0.2464,false
225,30,0.7986,Gilthead seabream,0.2785,Dusky grouper,0.2711,false
225,1,0.6425,Saddled seabream,0.4018,Mediterranean moray,0.2464,false
226,30,0.7213,Gilthead seabream,0.2785,Dusky grouper,0.2711,false
226,1,0.6545,Saddled seabream,0.4018,Mediterranean moray,0.2464,false
227,30,0.6223,Gilthead seabream,0.2785,Dusky grouper,0.2711,false
227,1,0.6806,Saddled seabream,0.4018,Mediterranean moray,0.2464,false
228,30,0.547,Gilthead seabream,0.2785,Dusky grouper,0.2711,false
228,1,0.7072,Saddled seabream,0.4018,Mediterranean moray,0.2464,false
229,30,0.6179,Gilthead seabream,0.2785,Dusky grouper,0.2711,false
229,1,0.6639,Saddled seabream,0.4018,Mediterranean moray,0.2464,false
230,30,0.7396,Gilthead seabream,0.2785,Dusky grouper,0.2711,false
230,1,0.6458,Saddled seabream,0.4239,Mediterranean moray,0.1599,false
230,50,0.6928,Pomacentrus moluccensis,0.39,Saddled seabream,0.2604,false
231,30,0.6068,Gilthead seabream,0.2785,Dusky grouper,0.2711,false
231,1,0.4927,Saddled seabream,0.4239,Mediterranean moray,0.1599,false
231,50,0.5476,Pomacentrus moluccensis,0.39,Saddled seabream,0.2604,false
232,30,0.4527,Gilthead seabream,0.2785,Dusky grouper,0.2711,false
232,1,0.4414,Saddled seabream,0.4239,Mediterranean moray,0.1599,false
233,30,0.4583,Gilthead seabream,0.2785,Dusky grouper,0.2711,false
233,1,0.4287,Saddled seabream,0.4239,Mediterranean moray,0.1599,false
233,50,0.4782,Pomacentrus moluccensis,0.39,Saddled seabream,0.2604,false
234,1,0.4577,Saddled seabream,0.4239,Mediterranean moray,0.1599,false
234,70,0.6185,Dusky grouper,0.4891,Saddled seabream,0.2842,false
236,30,0.5538,Gilthead seabream,0.2785,Dusky grouper,0.2711,false
237,71,0.4064,Pomacentrus moluccensis,0.6426,Saddled seabream,0.1565,true
237,30,0.7675,Gilthead seabream,0.2785,Dusky grouper,0.2711,false
237,70,0.5625,Dusky grouper,0.4891,Saddled seabream,0.2842,false
238,30,0.8219,Gilthead seabream,0.2785,Dusky grouper,0.2711,false
238,70,0.738,Dusky grouper,0.4891,Saddled seabream,0.2842,false
239,30,0.794,Gilthead seabream,0.2785,Dusky grouper,0.2711,false
239,70,0.4345,Dusky grouper,0.4891,Saddled seabream,0.2842,false
240,30,0.7858,Dusky grouper,0.3535,Gilthead seabream,0.1684,false
241,30,0.8026,Dusky grouper,0.3535,Gilthead seabream,0.1684,false
241,72,0.5342,White seabream,0.3973,Ornate wrasse,0.1346,false
242,30,0.8124,Dusky grouper,0.3535,Gilthead seabream,0.1684,false
242,1,0.444,Saddled seabream,0.4239,Mediterranean moray,0.1599,false
243,30,0.7453,Dusky grouper,0.3535,Gilthead seabream,0.1684,false
243,73,0.8303,Dusky grouper,0.4093,White seabream,0.1786,false
243,1,0.4612,Saddled seabream,0.4239,Mediterranean moray,0.1599,false
244,30,0.5811,Dusky grouper,0.3535,Gilthead seabream,0.1684,false
244,73,0.7061,Dusky grouper,0.4093,White seabream,0.1786,false
244,71,0.5653,Pomacentrus moluccensis,0.6426,Saddled seabream,0.1565,true
245,30,0.7368,Dusky grouper,0.3535,Gilthead seabream,0.1684,false
245,73,0.788,Dusky grouper,0.4093,White seabream,0.1786,false
245,71,0.4103,Pomacentrus moluccensis,0.6426,Saddled seabream,0.1565,true
246,30,0.7399,Dusky grouper,0.3535,Gilthead seabream,0.1684,false
246,73,0.7368,Dusky grouper,0.4093,White seabream,0.1786,false
247,30,0.7263,Dusky grouper,0.3535,Gilthead seabream,0.1684,false
248,30,0.681,Dusky grouper,0.3535,Gilthead seabream,0.1684,false
249,30,0.7521,Dusky grouper,0.3535,Gilthead seabream,0.1684,false
250,30,0.7175,Dusky grouper,0.3535,Gilthead seabream,0.1684,false
251,30,0.7165,Dusky grouper,0.3535,Gilthead seabream,0.1684,false
251,50,0.4122,Pomacentrus moluccensis,0.5545,Saddled seabream,0.1593,true
252,30,0.7868,Dusky grouper,0.3535,Gilthead seabream,0.1684,false
253,30,0.7796,Dusky grouper,0.3535,Gilthead seabream,0.1684,false
253,75,0.4245,Dusky grouper,0.6978,Ornate wrasse,0.2712,true
254,30,0.823,Dusky grouper,0.3535,Gilthead seabream,0.1684,false
255,30,0.7216,Dusky grouper,0.2815,Mediterranean moray,0.1731,false
256,30,0.7148,Dusky grouper,0.2815,Mediterranean moray,0.1731,false
257,30,0.7341,Dusky grouper,0.2815,Mediterranean moray,0.1731,false
258,30,0.8049,Dusky grouper,0.2815,Mediterranean moray,0.1731,false
258,50,0.5657,Pomacentrus moluccensis,0.5545,Saddled seabream,0.1593,true
259,30,0.7858,Dusky grouper,0.2815,Mediterranean moray,0.1731,false
259,50,0.4898,Pomacentrus moluccensis,0.5545,Saddled seabream,0.1593,true
260,30,0.8196,Dusky grouper,0.2815,Mediterranean moray,0.1731,false
260,50,0.6872,Pomacentrus moluccensis,0.5545,Saddled seabream,0.1593,true
261,30,0.808,Dusky grouper,0.2815,Mediterranean moray,0.1731,false
261,50,0.6686,Pomacentrus moluccensis,0.5545,Saddled seabream,0.1593,true
262,30,0.8203,Dusky grouper,0.2815,Mediterranean moray,0.1731,false
262,50,0.6093,Pomacentrus moluccensis,0.5545,Saddled seabream,0.1593,true
263,30,0.8295,Dusky grouper,0.2815,Mediterranean moray,0.1731,false
263,50,0.4798,Pomacentrus moluccensis,0.5545,Saddled seabream,0.1593,true
264,30,0.8179,Dusky grouper,0.2815,Mediterranean moray,0.1731,false
265,30,0.8127,Dusky grouper,0.2815,Mediterranean moray,0.1731,false
265,77,0.689,Dusky grouper,0.4177,Saddled seabream,0.1984,false
266,30,0.7872,Dusky grouper,0.2815,Mediterranean moray,0.1731,false
266,77,0.7182,Dusky grouper,0.4177,Saddled seabream,0.1984,false
267,30,0.8061,Dusky grouper,0.2815,Mediterranean moray,0.1731,false
267,77,0.5916,Dusky grouper,0.4177,Saddled seabream,0.1984,false
267,80,0.7105,Dusky grouper,0.4898,Saddled seabream,0.1681,false
267,81,0.7067,Saddled seabream,0.3194,Rainbow wrasse,0.2019,false
268,30,0.8058,Dusky grouper,0.2815,Mediterranean moray,0.1731,false
268,77,0.5342,Dusky grouper,0.4177,Saddled seabream,0.1984,false
268,80,0.4101,Dusky grouper,0.4898,Saddled seabream,0.1681,false
268,81,0.684,Saddled seabream,0.3194,Rainbow wrasse,0.2019,false
269,30,0.816,Dusky grouper,0.2815,Mediterranean moray,0.1731,false
269,77,0.6786,Dusky grouper,0.4177,Saddled seabream,0.1984,false
269,81,0.6575,Saddled seabream,0.3194,Rainbow wrasse,0.2019,false
269,1,0.5934,Saddled seabream,0.2608,Dusky grouper,0.2115,false
270,30,0.793,Dusky grouper,0.4249,Mediterranean moray,0.1194,false
270,77,0.7293,Dusky grouper,0.4177,Saddled seabream,0.1984,false
270,81,0.4342,Saddled seabream,0.3194,Rainbow wrasse,0.2019,false
271,30,0.797,Dusky grouper,0.4249,Mediterranean moray,0.1194,false
271,77,0.553,Dusky grouper,0.4177,Saddled seabream,0.1984,false
271,81,0.5818,Saddled seabream,0.3194,Rainbow wrasse,0.2019,false
272,30,0.739,Dusky grouper,0.4249,Mediterranean moray,0.1194,false
272,77,0.7656,Dusky grouper,0.4177,Saddled seabream,0.1984,false
272,81,0.5737,Saddled seabream,0.3194,Rainbow wrasse,0.2019,false
273,30,0.8121,Dusky grouper,0.4249,Mediterranean moray,0.1194,false
274,30,0.8168,Dusky grouper,0.4249,Mediterranean moray,0.1194,false
275,30,0.7955,Dusky grouper,0.4249,Mediterranean moray,0.1194,false
275,83,0.4086,Mediterranean moray,0.2414,Red scorpionfish,0.2128,false
276,30,0.8074,Dusky grouper,0.4249,Mediterranean moray,0.1194,false
276,85,0.5491,Mediterranean moray,0.4322,Saddled seabream,0.2482,false
277,30,0.733,Dusky grouper,0.4249,Mediterranean moray,0.1194,false
277,85,0.4709,Mediterranean moray,0.4322,Saddled seabream,0.2482,false
277,83,0.4163,Mediterranean moray,0.2414,Red scorpionfish,0.2128,false
278,30,0.7249,Dusky grouper,0.4249,Mediterranean moray,0.1194,false
278,85,0.4726,Mediterranean moray,0.4322,Saddled seabream,0.2482,false
279,30,0.4589,Dusky grouper,0.4249,Mediterranean moray,0.1194,false
279,85,0.4608,Mediterranean moray,0.4322,Saddled seabream,0.2482,false
280,30,0.6311,Dusky grouper,0.4249,Mediterranean moray,0.1194,false
281,30,0.4931,Dusky grouper,0.4249,Mediterranean moray,0.1194,false
281,85,0.5592,Mediterranean moray,0.4322,Saddled seabream,0.2482,false
282,30,0.5725,Dusky grouper,0.4249,Mediterranean moray,0.1194,false
282,88,0.4062,Saddled seabream,0.5581,Ornate wrasse,0.1242,true
282,85,0.5847,Mediterranean moray,0.4322,Saddled seabream,0.2482,false
283,30,0.5536,Dusky grouper,0.4249,Mediterranean moray,0.1194,false
283,88,0.4915,Saddled seabream,0.5581,Ornate wrasse,0.1242,true
283,85,0.5126,Mediterranean moray,0.4322,Saddled seabream,0.2482,false
283,83,0.4587,Mediterranean moray,0.2414,Red scorpionfish,0.2128,false
284,30,0.4941,Dusky grouper,0.4249,Mediterranean moray,0.1194,false
284,88,0.4245,Saddled seabream,0.5581,Ornate wrasse,0.1242,true
284,85,0.5723,Mediterranean moray,0.4322,Saddled seabream,0.2482,false
285,30,0.4533,Dusky grouper,0.3283,Gilthead seabream,0.1893,false
285,85,0.4923,Mediterranean moray,0.4322,Saddled seabream,0.2482,false
286,30,0.6885,Dusky grouper,0.3283,Gilthead seabream,0.1893,false
287,30,0.6529,Dusky grouper,0.3283,Gilthead seabream,0.1893,false
288,30,0.666,Dusky grouper,0.3283,Gilthead seabream,0.1893,false
288,85,0.6368,Mediterranean moray,0.4322,Saddled seabream,0.2482,false
289,30,0.6867,Dusky grouper,0.3283,Gilthead seabream,0.1893,false
289,92,0.6077,White seabream,0.3612,Dusky grouper,0.2715,false
289,85,0.6862,Mediterranean moray,0.4322,Saddled seabream,0.2482,false
290,30,0.6592,Dusky grouper,0.3283,Gilthead seabream,0.1893,false
290,85,0.7027,Mediterranean moray,0.4322,Saddled seabream,0.2482,false
291,30,0.7236,Dusky grouper,0.3283,Gilthead seabream,0.1893,false
291,85,0.7401,Mediterranean moray,0.3331,Saddled seabream,0.2323,false
292,30,0.7289,Dusky grouper,0.3283,Gilthead seabream,0.1893,false
292,85,0.7071,Mediterranean moray,0.3331,Saddled seabream,0.2323,false
293,30,0.7151,Dusky grouper,0.3283,Gilthead seabream,0.1893,false
293,85,0.6356,Mediterranean moray,0.3331,Saddled seabream,0.2323,false
294,30,0.4456,Dusky grouper,0.3283,Gilthead seabream,0.1893,false
294,85,0.5229,Mediterranean moray,0.3331,Saddled seabream,0.2323,false
295,85,0.4611,Mediterranean moray,0.3331,Saddled seabream,0.2323,false
296,85,0.5802,Mediterranean moray,0.3331,Saddled seabream,0.2323,false
296,30,0.4557,Dusky grouper,0.3283,Gilthead seabream,0.1893,false
297,85,0.5773,Mediterranean moray,0.3331,Saddled seabream,0.2323,false
297,30,0.4992,Dusky grouper,0.3283,Gilthead seabream,0.1893,false
298,85,0.5781,Mediterranean moray,0.3331,Saddled seabream,0.2323,false
299,85,0.5233,Mediterranean moray,0.3331,Saddled seabream,0.2323,false
302,85,0.4503,Mediterranean moray,0.3331,Saddled seabream,0.2323,false
303,85,0.442,Mediterranean moray,0.3331,Saddled seabream,0.2323,false
304,85,0.5031,Mediterranean moray,0.3331,Saddled seabream,0.2323,false
305,85,0.6527,Mediterranean moray,0.3331,Saddled seabream,0.2323,false
305,30,0.7172,Dusky grouper,0.3072,Mediterranean moray,0.2249,false
306,85,0.6789,Saddled seabream,0.285,Mediterranean moray,0.275,false
306,95,0.624,Pomacentrus moluccensis,0.8765,Chaetodon lunulatus,0.0402,true
306,30,0.7916,Dusky grouper,0.3072,Mediterranean moray,0.2249,false
307,85,0.5871,Saddled seabream,0.285,Mediterranean moray,0.275,false
307,95,0.6738,Pomacentrus moluccensis,0.8765,Chaetodon lunulatus,0.0402,true
307,30,0.7455,Dusky grouper,0.3072,Mediterranean moray,0.2249,false
308,85,0.7124,Saddled seabream,0.285,Mediterranean moray,0.275,false
308,95,0.5754,Pomacentrus moluccensis,0.8765,Chaetodon lunulatus,0.0402,true
308,30,0.7987,Dusky grouper,0.3072,Mediterranean moray,0.2249,false
309,85,0.7464,Saddled seabream,0.285,Mediterranean moray,0.275,false
309,95,0.6466,Pomacentrus moluccensis,0.8765,Chaetodon lunulatus,0.0402,true
309,30,0.8041,Dusky grouper,0.3072,Mediterranean moray,0.2249,false
310,85,0.7733,Saddled seabream,0.285,Mediterranean moray,0.275,false
310,30,0.8001,Dusky grouper,0.3072,Mediterranean moray,0.2249,false
311,85,0.7514,Saddled seabream,0.285,Mediterranean moray,0.275,false
311,30,0.7294,Dusky grouper,0.3072,Mediterranean moray,0.2249,false
312,85,0.7084,Saddled seabream,0.285,Mediterranean moray,0.275,false
312,30,0.7441,Dusky grouper,0.3072,Mediterranean moray,0.2249,false
312,95,0.6394,Pomacentrus moluccensis,0.8765,Chaetodon lunulatus,0.0402,true
313,85,0.7467,Saddled seabream,0.285,Mediterranean moray,0.275,false
313,30,0.6599,Dusky grouper,0.3072,Mediterranean moray,0.2249,false
314,85,0.7634,Saddled seabream,0.285,Mediterranean moray,0.275,false
314,30,0.6975,Dusky grouper,0.3072,Mediterranean moray,0.2249,false
315,85,0.7608,Saddled seabream,0.285,Mediterranean moray,0.275,false
315,30,0.735,Dusky grouper,0.3072,Mediterranean moray,0.2249,false
316,85,0.7431,Saddled seabream,0.285,Mediterranean moray,0.275,false
316,30,0.7935,Dusky grouper,0.3072,Mediterranean moray,0.2249,false
317,85,0.7202,Saddled seabream,0.285,Mediterranean moray,0.275,false
317,30,0.6531,Dusky grouper,0.3072,Mediterranean moray,0.2249,false
318,85,0.6945,Saddled seabream,0.285,Mediterranean moray,0.275,false
318,30,0.6882,Dusky grouper,0.3072,Mediterranean moray,0.2249,false
319,85,0.7162,Saddled seabream,0.285,Mediterranean moray,0.275,false
319,30,0.6239,Dusky grouper,0.3072,Mediterranean moray,0.2249,false
320,85,0.7063,Saddled seabream,0.285,Mediterranean moray,0.275,false
321,85,0.6914,Saddled seabream,0.3522,Mediterranean moray,0.2054,false
322,85,0.6779,Saddled seabream,0.3522,Mediterranean moray,0.2054,false
323,85,0.6631,Saddled seabream,0.3522,Mediterranean moray,0.2054,false
324,85,0.7066,Saddled seabream,0.3522,Mediterranean moray,0.2054,false
325,85,0.7314,Saddled seabream,0.3522,Mediterranean moray,0.2054,false
326,85,0.7345,Saddled seabream,0.3522,Mediterranean moray,0.2054,false
327,85,0.7224,Saddled seabream,0.3522,Mediterranean moray,0.2054,false
328,85,0.6681,Saddled seabream,0.3522,Mediterranean moray,0.2054,false
328,30,0.4494,Dusky grouper,0.4574,Mediterranean moray,0.1518,false
329,85,0.5936,Saddled seabream,0.3522,Mediterranean moray,0.2054,false
329,30,0.5155,Dusky grouper,0.4574,Mediterranean moray,0.1518,false
330,85,0.6043,Saddled seabream,0.3522,Mediterranean moray,0.2054,false
330,30,0.6146,Dusky grouper,0.4574,Mediterranean moray,0.1518,false
331,85,0.5643,Saddled seabream,0.3522,Mediterranean moray,0.2054,false
331,30,0.7016,Dusky grouper,0.4574,Mediterranean moray,0.1518,false
332,85,0.5536,Saddled seabream,0.3522,Mediterranean moray,0.2054,false
332,30,0.7172,Dusky grouper,0.4574,Mediterranean moray,0.1518,false
333,85,0.4772,Saddled seabream,0.3522,Mediterranean moray,0.2054,false
333,30,0.7426,Dusky grouper,0.4574,Mediterranean moray,0.1518,false
334,85,0.4932,Saddled seabream,0.3522,Mediterranean moray,0.2054,false
334,30,0.7563,Dusky grouper,0.4574,Mediterranean moray,0.1518,false
335,85,0.5738,Saddled seabream,0.3522,Mediterranean moray,0.2054,false
335,30,0.7615,Dusky grouper,0.4574,Mediterranean moray,0.1518,false
336,85,0.6647,Saddled seabream,0.4321,Mediterranean moray,0.1599,false
336,30,0.7945,Dusky grouper,0.4574,Mediterranean moray,0.1518,false
337,85,0.6652,Saddled seabream,0.4321,Mediterranean moray,0.1599,false
337,30,0.7984,Dusky grouper,0.4574,Mediterranean moray,0.1518,false
337,103,0.4371,Pomacentrus moluccensis,0.4876,Chaetodon lunulatus,0.1965,false
338,85,0.6642,Saddled seabream,0.4321,Mediterranean moray,0.1599,false
338,30,0.8136,Dusky grouper,0.4574,Mediterranean moray,0.1518,false
339,85,0.6214,Saddled seabream,0.4321,Mediterranean moray,0.1599,false
339,30,0.7902,Dusky grouper,0.4574,Mediterranean moray,0.1518,false
340,85,0.6277,Saddled seabream,0.4321,Mediterranean moray,0.1599,false
340,30,0.724,Dusky grouper,0.4574,Mediterranean moray,0.1518,false
341,85,0.5827,Saddled seabream,0.4321,Mediterranean moray,0.1599,false
341,30,0.7276,Dusky grouper,0.4574,Mediterranean moray,0.1518,false
342,85,0.6263,Saddled seabream,0.4321,Mediterranean moray,0.1599,false
342,30,0.7643,Dusky grouper,0.4574,Mediterranean moray,0.1518,false
343,85,0.647,Saddled seabream,0.4321,Mediterranean moray,0.1599,false
343,30,0.7255,Dusky grouper,0.4981,Saddled seabream,0.1261,false
344,85,0.6305,Saddled seabream,0.4321,Mediterranean moray,0.1599,false
344,30,0.7125,Dusky grouper,0.4981,Saddled seabream,0.1261,false
345,85,0.6184,Saddled seabream,0.4321,Mediterranean moray,0.1599,false
345,30,0.635,Dusky grouper,0.4981,Saddled seabream,0.1261,false
345,104,0.4552,Saddled seabream,0.502,Ornate wrasse,0.1097,true
346,85,0.684,Saddled seabream,0.4321,Mediterranean moray,0.1599,false
346,30,0.7113,Dusky grouper,0.4981,Saddled seabream,0.1261,false
347,85,0.5709,Saddled seabream,0.4321,Mediterranean moray,0.1599,false
347,30,0.6311,Dusky grouper,0.4981,Saddled seabream,0.1261,false
348,85,0.6212,Saddled seabream,0.4321,Mediterranean moray,0.1599,false
348,30,0.5908,Dusky grouper,0.4981,Saddled seabream,0.1261,false
349,85,0.6408,Saddled seabream,0.4321,Mediterranean moray,0.1599,false
349,30,0.8254,Dusky grouper,0.4981,Saddled seabream,0.1261,false
350,85,0.6142,Saddled seabream,0.4321,Mediterranean moray,0.1599,false
350,30,0.8299,Dusky grouper,0.4981,Saddled seabream,0.1261,false
351,85,0.6204,Saddled seabream,0.5551,Mediterranean moray,0.1252,true
351,30,0.831,Dusky grouper,0.4981,Saddled seabream,0.1261,false
351,107,0.4118,Pomacentrus moluccensis,0.7132,Pempheris vanicolensis,0.1821,true
352,85,0.6172,Saddled seabream,0.5551,Mediterranean moray,0.1252,true
352,30,0.7754,Dusky grouper,0.4981,Saddled seabream,0.1261,false
353,85,0.5882,Saddled seabream,0.5551,Mediterranean moray,0.1252,true
353,30,0.7959,Dusky grouper,0.4981,Saddled seabream,0.1261,false
354,85,0.5595,Saddled seabream,0.5551,Mediterranean moray,0.1252,true
354,30,0.814,Dusky grouper,0.4981,Saddled seabream,0.1261,false
355,85,0.6318,Saddled seabream,0.5551,Mediterranean moray,0.1252,true
355,30,0.8121,Dusky grouper,0.4981,Saddled seabream,0.1261,false
356,85,0.6157,Saddled seabream,0.5551,Mediterranean moray,0.1252,true
356,30,0.7783,Dusky grouper,0.4981,Saddled seabream,0.1261,false
357,85,0.5891,Saddled seabream,0.5551,Mediterranean moray,0.1252,true
357,30,0.5091,Dusky grouper,0.4981,Saddled seabream,0.1261,false
358,85,0.5764,Saddled seabream,0.5551,Mediterranean moray,0.1252,true
358,30,0.6043,Dusky grouper,0.5844,Saddled seabream,0.1303,true
359,85,0.547,Saddled seabream,0.5551,Mediterranean moray,0.1252,true
359,30,0.7967,Dusky grouper,0.5844,Saddled seabream,0.1303,true
360,85,0.5095,Saddled seabream,0.5551,Mediterranean moray,0.1252,true
360,30,0.7989,Dusky grouper,0.5844,Saddled seabream,0.1303,true
361,30,0.8131,Dusky grouper,0.5844,Saddled seabream,0.1303,true
361,109,0.552,Saddled seabream,0.2602,Ornate wrasse,0.1334,false
362,30,0.8031,Dusky grouper,0.5844,Saddled seabream,0.1303,true
363,30,0.7231,Dusky grouper,0.5844,Saddled seabream,0.1303,true
364,103,0.8028,Pomacentrus moluccensis,0.3842,Chaetodon lunulatus,0.1271,false
364,85,0.483,Saddled seabream,0.5551,Mediterranean moray,0.1252,true
365,103,0.7205,Pomacentrus moluccensis,0.3842,Chaetodon lunulatus,0.1271,false
365,30,0.5545,Dusky grouper,0.5844,Saddled seabream,0.1303,true
366,103,0.4712,Pomacentrus moluccensis,0.3842,Chaetodon lunulatus,0.1271,false
366,30,0.6404,Dusky grouper,0.5844,Saddled seabream,0.1303,true
366,109,0.6322,Saddled seabream,0.2602,Ornate wrasse,0.1334,false
366,85,0.4426,Saddled seabream,0.5203,Dascyllus reticulatus,0.1421,true
367,30,0.6692,Dusky grouper,0.5844,Saddled seabream,0.1303,true
367,111,0.4305,Saddled seabream,0.6336,Dusky grouper,0.0884,true
367,109,0.6551,Saddled seabream,0.2602,Ornate wrasse,0.1334,false
367,85,0.5457,Saddled seabream,0.5203,Dascyllus reticulatus,0.1421,true
368,30,0.7757,Dusky grouper,0.5844,Saddled seabream,0.1303,true
368,109,0.6333,Saddled seabream,0.2602,Ornate wrasse,0.1334,false
368,85,0.5675,Saddled seabream,0.5203,Dascyllus reticulatus,0.1421,true
369,30,0.7322,Dusky grouper,0.5844,Saddled seabream,0.1303,true
369,109,0.6966,Saddled seabream,0.2602,Ornate wrasse,0.1334,false
369,85,0.5438,Saddled seabream,0.5203,Dascyllus reticulatus,0.1421,true
370,30,0.552,Dusky grouper,0.5844,Saddled seabream,0.1303,true
370,109,0.4908,Saddled seabream,0.2602,Ornate wrasse,0.1334,false
370,85,0.4351,Saddled seabream,0.5203,Dascyllus reticulatus,0.1421,true
370,112,0.5291,Pomacentrus moluccensis,0.3255,Chaetodon lunulatus,0.2349,false
371,30,0.7034,Dusky grouper,0.5844,Saddled seabream,0.1303,true
371,109,0.4774,Saddled seabream,0.2602,Ornate wrasse,0.1334,false
371,85,0.4054,Saddled seabream,0.5203,Dascyllus reticulatus,0.1421,true
372,30,0.7272,Dusky grouper,0.5844,Saddled seabream,0.1303,true
372,109,0.4391,Saddled seabream,0.2602,Ornate wrasse,0.1334,false
372,112,0.532,Pomacentrus moluccensis,0.3255,Chaetodon lunulatus,0.2349,false
373,30,0.7793,Dusky grouper,0.4238,Mediterranean moray,0.2233,false
373,109,0.6333,Saddled seabream,0.2602,Ornate wrasse,0.1334,false
374,30,0.7663,Dusky grouper,0.4238,Mediterranean moray,0.2233,false
374,109,0.4265,Saddled seabream,0.2602,Ornate wrasse,0.1334,false
375,30,0.7848,Dusky grouper,0.4238,Mediterranean moray,0.2233,false
376,30,0.7379,Dusky grouper,0.4238,Mediterranean moray,0.2233,false
376,85,0.423,Saddled seabream,0.5203,Dascyllus reticulatus,0.1421,true
376,109,0.4012,Saddled seabream,0.2507,Ornate wrasse,0.1338,false
377,30,0.7747,Dusky grouper,0.4238,Mediterranean moray,0.2233,false
377,85,0.4736,Saddled seabream,0.5203,Dascyllus reticulatus,0.1421,true
377,109,0.4404,Saddled seabream,0.2507,Ornate wrasse,0.1338,false
378,30,0.7659,Dusky grouper,0.4238,Mediterranean moray,0.2233,false
378,85,0.574,Saddled seabream,0.5203,Dascyllus reticulatus,0.1421,true
378,109,0.4504,Saddled seabream,0.2507,Ornate wrasse,0.1338,false
378,111,0.5931,Saddled seabream,0.6336,Dusky grouper,0.0884,true
379,30,0.8137,Dusky grouper,0.4238,Mediterranean moray,0.2233,false
379,85,0.5776,Saddled seabream,0.5203,Dascyllus reticulatus,0.1421,true
379,109,0.5429,Saddled seabream,0.2507,Ornate wrasse,0.1338,false
379,115,0.6677,Zebrasoma scopas,0.5934,Chaetodon lunulatus,0.3063,true
379,111,0.6256,Saddled seabream,0.6336,Dusky grouper,0.0884,true
380,30,0.7936,Dusky grouper,0.4238,Mediterranean moray,0.2233,false
380,85,0.468,Saddled seabream,0.5203,Dascyllus reticulatus,0.1421,true
380,109,0.6267,Saddled seabream,0.2507,Ornate wrasse,0.1338,false
380,115,0.6328,Zebrasoma scopas,0.5934,Chaetodon lunulatus,0.3063,true
381,30,0.7897,Dusky grouper,0.4238,Mediterranean moray,0.2233,false
381,85,0.5927,Saddled seabream,0.625,Dascyllus reticulatus,0.0967,true
382,30,0.788,Dusky grouper,0.4238,Mediterranean moray,0.2233,false
382,85,0.6322,Saddled seabream,0.625,Dascyllus reticulatus,0.0967,true
382,109,0.6383,Saddled seabream,0.2507,Ornate wrasse,0.1338,false
382,115,0.4895,Zebrasoma scopas,0.5934,Chaetodon lunulatus,0.3063,true
383,30,0.7977,Dusky grouper,0.4238,Mediterranean moray,0.2233,false
383,85,0.6713,Saddled seabream,0.625,Dascyllus reticulatus,0.0967,true
383,109,0.6711,Saddled seabream,0.2507,Ornate wrasse,0.1338,false
384,30,0.8057,Dusky grouper,0.4238,Mediterranean moray,0.2233,false
384,85,0.6489,Saddled seabream,0.625,Dascyllus reticulatus,0.0967,true
384,109,0.5997,Saddled seabream,0.2507,Ornate wrasse,0.1338,false
385,30,0.8392,Dusky grouper,0.4238,Mediterranean moray,0.2233,false
385,85,0.673,Saddled seabream,0.625,Dascyllus reticulatus,0.0967,true
385,109,0.5112,Saddled seabream,0.2507,Ornate wrasse,0.1338,false
386,30,0.8285,Dusky grouper,0.4238,Mediterranean moray,0.2233,false
386,85,0.6563,Saddled seabream,0.625,Dascyllus reticulatus,0.0967,true
386,109,0.6373,Saddled seabream,0.2507,Ornate wrasse,0.1338,false
386,117,0.5894,Saddled seabream,0.3589,Rainbow wrasse,0.1525,false
386,118,0.5406,Saddled seabream,0.6162,Pomacentrus moluccensis,0.2753,true
387,30,0.8204,Dusky grouper,0.4238,Mediterranean moray,0.2233,false
387,85,0.6671,Saddled seabream,0.625,Dascyllus reticulatus,0.0967,true
387,109,0.6881,Saddled seabream,0.2507,Ornate wrasse,0.1338,false
387,118,0.4218,Saddled seabream,0.6162,Pomacentrus moluccensis,0.2753,true
388,30,0.8244,Dusky grouper,0.2736,Ornate wrasse,0.2131,false
388,85,0.6638,Saddled seabream,0.625,Dascyllus reticulatus,0.0967,true
388,109,0.6111,Saddled seabream,0.2507,Ornate wrasse,0.1338,false
388,118,0.4244,Saddled seabream,0.6162,Pomacentrus moluccensis,0.2753,true
389,30,0.7884,Dusky grouper,0.2736,Ornate wrasse,0.2131,false
389,85,0.6484,Saddled seabream,0.625,Dascyllus reticulatus,0.0967,true
390,30,0.7834,Dusky grouper,0.2736,Ornate wrasse,0.2131,false
390,85,0.6976,Saddled seabream,0.625,Dascyllus reticulatus,0.0967,true
390,109,0.5839,Saddled seabream,0.2507,Ornate wrasse,0.1338,false
391,30,0.7734,Dusky grouper,0.2736,Ornate wrasse,0.2131,false
391,85,0.7246,Saddled seabream,0.625,Dascyllus reticulatus,0.0967,true
391,109,0.5663,Saddled seabream,0.2199,Ornate wrasse,0.1399,false
392,30,0.7045,Dusky grouper,0.2736,Ornate wrasse,0.2131,false
392,85,0.6858,Saddled seabream,0.625,Dascyllus reticulatus,0.0967,true
392,109,0.6321,Saddled seabream,0.2199,Ornate wrasse,0.1399,false
393,30,0.7422,Dusky grouper,0.2736,Ornate wrasse,0.2131,false
393,85,0.7226,Saddled seabream,0.625,Dascyllus reticulatus,0.0967,true
394,30,0.744,Dusky grouper,0.2736,Ornate wrasse,0.2131,false
394,85,0.6853,Saddled seabream,0.625,Dascyllus reticulatus,0.0967,true
394,109,0.6117,Saddled seabream,0.2199,Ornate wrasse,0.1399,false
395,30,0.7122,Dusky grouper,0.2736,Ornate wrasse,0.2131,false
395,85,0.6697,Saddled seabream,0.625,Dascyllus reticulatus,0.0967,true
395,109,0.658,Saddled seabream,0.2199,Ornate wrasse,0.1399,false
396,30,0.6763,Dusky grouper,0.2736,Ornate wrasse,0.2131,false
396,85,0.633,Saddled seabream,0.7248,Dascyllus reticulatus,0.0649,true
396,109,0.4741,Saddled seabream,0.2199,Ornate wrasse,0.1399,false
396,118,0.6974,Saddled seabream,0.6162,Pomacentrus moluccensis,0.2753,true
397,30,0.7241,Dusky grouper,0.2736,Ornate wrasse,0.2131,false
397,85,0.636,Saddled seabream,0.7248,Dascyllus reticulatus,0.0649,true
397,109,0.6015,Saddled seabream,0.2199,Ornate wrasse,0.1399,false
398,30,0.7716,Dusky grouper,0.2736,Ornate wrasse,0.2131,false
398,85,0.6726,Saddled seabream,0.7248,Dascyllus reticulatus,0.0649,true
398,109,0.5431,Saddled seabream,0.2199,Ornate wrasse,0.1399,false
399,30,0.7581,Dusky grouper,0.2736,Ornate wrasse,0.2131,false
399,85,0.7188,Saddled seabream,0.7248,Dascyllus reticulatus,0.0649,true
399,109,0.4806,Saddled seabream,0.2199,Ornate wrasse,0.1399,false
400,30,0.7739,Dusky grouper,0.2736,Ornate wrasse,0.2131,false
400,85,0.668,Saddled seabream,0.7248,Dascyllus reticulatus,0.0649,true
400,109,0.4997,Saddled seabream,0.2199,Ornate wrasse,0.1399,false
401,30,0.7635,Dusky grouper,0.2736,Ornate wrasse,0.2131,false
401,85,0.5805,Saddled seabream,0.7248,Dascyllus reticulatus,0.0649,true
401,122,0.7325,Pomacentrus moluccensis,0.874,Pempheris vanicolensis,0.0422,true
401,123,0.7276,Pomacentrus moluccensis,0.9342,Chaetodon lunulatus,0.0206,true
402,30,0.7541,Dusky grouper,0.2736,Ornate wrasse,0.2131,false
402,85,0.5506,Saddled seabream,0.7248,Dascyllus reticulatus,0.0649,true
402,122,0.6092,Pomacentrus moluccensis,0.874,Pempheris vanicolensis,0.0422,true
402,123,0.6189,Pomacentrus moluccensis,0.9342,Chaetodon lunulatus,0.0206,true
403,30,0.8022,Mediterranean moray,0.3369,Ornate wrasse,0.2141,false
403,85,0.5001,Saddled seabream,0.7248,Dascyllus reticulatus,0.0649,true
403,122,0.553,Pomacentrus moluccensis,0.874,Pempheris vanicolensis,0.0422,true
403,123,0.4863,Pomacentrus moluccensis,0.9342,Chaetodon lunulatus,0.0206,true
404,30,0.829,Mediterranean moray,0.3369,Ornate wrasse,0.2141,false
404,85,0.4326,Saddled seabream,0.7248,Dascyllus reticulatus,0.0649,true
404,122,0.562,Pomacentrus moluccensis,0.874,Pempheris vanicolensis,0.0422,true
404,109,0.4361,Saddled seabream,0.2199,Ornate wrasse,0.1399,false
405,30,0.8269,Mediterranean moray,0.3369,Ornate wrasse,0.2141,false
405,85,0.5573,Saddled seabream,0.7248,Dascyllus reticulatus,0.0649,true
406,30,0.8116,Mediterranean moray,0.3369,Ornate wrasse,0.2141,false
406,85,0.5147,Saddled seabream,0.7248,Dascyllus reticulatus,0.0649,true
407,30,0.7845,Mediterranean moray,0.3369,Ornate wrasse,0.2141,false
407,85,0.5402,Saddled seabream,0.7248,Dascyllus reticulatus,0.0649,true
408,30,0.7826,Mediterranean moray,0.3369,Ornate wrasse,0.2141,false
408,85,0.5833,Saddled seabream,0.7248,Dascyllus reticulatus,0.0649,true
409,30,0.7569,Mediterranean moray,0.3369,Ornate wrasse,0.2141,false
409,85,0.5755,Saddled seabream,0.7248,Dascyllus reticulatus,0.0649,true
410,30,0.7441,Mediterranean moray,0.3369,Ornate wrasse,0.2141,false
410,85,0.5398,Saddled seabream,0.7248,Dascyllus reticulatus,0.0649,true
411,30,0.7731,Mediterranean moray,0.3369,Ornate wrasse,0.2141,false
411,85,0.5555,Saddled seabream,0.7351,Mediterranean moray,0.0646,true
412,30,0.7036,Mediterranean moray,0.3369,Ornate wrasse,0.2141,false
412,85,0.684,Saddled seabream,0.7351,Mediterranean moray,0.0646,true
412,109,0.4191,Saddled seabream,0.2242,Ornate wrasse,0.1405,false
413,30,0.6769,Mediterranean moray,0.3369,Ornate wrasse,0.2141,false
413,85,0.6692,Saddled seabream,0.7351,Mediterranean moray,0.0646,true
413,124,0.6902,Saddled seabream,0.4207,White seabream,0.1709,false
414,30,0.6996,Mediterranean moray,0.3369,Ornate wrasse,0.2141,false
414,85,0.6546,Saddled seabream,0.7351,Mediterranean moray,0.0646,true
414,109,0.4443,Saddled seabream,0.2242,Ornate wrasse,0.1405,false
415,30,0.7341,Mediterranean moray,0.3369,Ornate wrasse,0.2141,false
415,85,0.4219,Saddled seabream,0.7351,Mediterranean moray,0.0646,true
415,109,0.4343,Saddled seabream,0.2242,Ornate wrasse,0.1405,false
415,124,0.6294,Saddled seabream,0.4207,White seabream,0.1709,false
